{
  "2018-2019": {
    "accuracy": 0.9700469970703125,
    "f1_macro": 0.5226608401807756,
    "f1_weighted": 0.9601010083350364,
    "f1_change": 0.06054079923426657,
    "kappa": 0.052317456375551075,
    "precision_change": 0.18630338733431517,
    "recall_change": 0.03614285714285714,
    "confusion_matrix": [
      [
        254039,
        1105
      ],
      [
        6747,
        253
      ]
    ]
  },
  "2019-2020": {
    "accuracy": 0.9813117980957031,
    "f1_macro": 0.5967854554824201,
    "f1_weighted": 0.9785284556625402,
    "f1_change": 0.20302586627623231,
    "kappa": 0.1944393471516781,
    "precision_change": 0.29063809967396365,
    "recall_change": 0.156,
    "confusion_matrix": [
      [
        256621,
        1523
      ],
      [
        3376,
        624
      ]
    ]
  },
  "2020-2021": {
    "accuracy": 0.9818267822265625,
    "f1_macro": 0.5147837987219529,
    "f1_weighted": 0.9851064050247076,
    "f1_change": 0.0387409200968523,
    "kappa": 0.03079581243113494,
    "precision_change": 0.02839396628216504,
    "recall_change": 0.06095238095238095,
    "confusion_matrix": [
      [
        257284,
        3285
      ],
      [
        1479,
        96
      ]
    ]
  },
  "2021-2022": {
    "accuracy": 0.9749641418457031,
    "f1_macro": 0.4993845159858506,
    "f1_weighted": 0.9768980657660506,
    "f1_change": 0.011447507154691972,
    "kappa": -0.0009165619579072359,
    "precision_change": 0.00989841104454285,
    "recall_change": 0.013571428571428571,
    "confusion_matrix": [
      [
        255543,
        3801
      ],
      [
        2762,
        38
      ]
    ]
  },
  "2022-2023": {
    "accuracy": 0.9818534851074219,
    "f1_macro": 0.5079233190531371,
    "f1_weighted": 0.9853149539508945,
    "f1_change": 0.02500512400081984,
    "kappa": 0.017215852368355766,
    "precision_change": 0.018052678307191476,
    "recall_change": 0.04066666666666666,
    "confusion_matrix": [
      [
        257326,
        3318
      ],
      [
        1439,
        61
      ]
    ]
  },
  "2023-2024": {
    "accuracy": 0.9861793518066406,
    "f1_macro": 0.49652079552111245,
    "f1_weighted": 0.9930415910422249,
    "f1_change": 0.0,
    "kappa": 0.0,
    "precision_change": 0.0,
    "recall_change": 0.0,
    "confusion_matrix": [
      [
        258521,
        3623
      ],
      [
        0,
        0
      ]
    ]
  }
}