{
  "variant": "densenet121",
  "parameters": 7022726,
  "depth": 121,
  "best_epoch": 25,
  "best_val_acc": 0.78845,
  "test_acc": 0.78845,
  "f1_macro": 0.5390343364484266,
  "f1_weighted": 0.7750938080051496,
  "training_time_minutes": 102.12659276723862,
  "timestamp": "2026-01-05 04:16:02"
}