{
  "accuracy": 0.9890740740740741,
  "f1_macro": 0.9887031337958833,
  "f1_weighted": 0.9890730406388604,
  "kappa": 0.9878390912526194,
  "per_class": {
    "precision": [
      0.9849498327759197,
      1.0,
      0.9721311475409836,
      0.9861111111111112,
      0.9959677419354839,
      0.9874055415617129,
      0.9737903225806451,
      0.9950248756218906,
      0.9959758551307847,
      0.9983333333333333
    ],
    "recall": [
      0.9816666666666667,
      0.9983333333333333,
      0.9883333333333333,
      0.994,
      0.988,
      0.98,
      0.966,
      1.0,
      0.99,
      0.9983333333333333
    ],
    "f1": [
      0.9833055091819699,
      0.9991659716430359,
      0.9801652892561984,
      0.9900398406374502,
      0.9919678714859438,
      0.9836888331242158,
      0.9698795180722891,
      0.9975062344139651,
      0.9929789368104313,
      0.9983333333333333
    ],
    "support": [
      600,
      600,
      600,
      500,
      500,
      400,
      500,
      600,
      500,
      600
    ]
  },
  "class_names": [
    "AnnualCrop",
    "Forest",
    "HerbaceousVegetation",
    "Highway",
    "Industrial",
    "Pasture",
    "PermanentCrop",
    "Residential",
    "River",
    "SeaLake"
  ]
}