{
  "accuracy": 0.9812962962962963,
  "f1_macro": 0.9805931789193008,
  "f1_weighted": 0.9812953347771047,
  "kappa": 0.9791824115424252,
  "per_class": {
    "precision": [
      0.9815436241610739,
      0.9900662251655629,
      0.9546191247974068,
      0.9840637450199203,
      0.9899193548387096,
      0.9626865671641791,
      0.9753086419753086,
      0.9916805324459235,
      0.9800796812749004,
      0.9983164983164983
    ],
    "recall": [
      0.975,
      0.9966666666666667,
      0.9816666666666667,
      0.988,
      0.982,
      0.9675,
      0.948,
      0.9933333333333333,
      0.984,
      0.9883333333333333
    ],
    "f1": [
      0.9782608695652174,
      0.9933554817275747,
      0.9679539852095317,
      0.9860279441117764,
      0.9859437751004017,
      0.9650872817955112,
      0.9614604462474645,
      0.9925062447960034,
      0.9820359281437125,
      0.9932998324958124
    ],
    "support": [
      600,
      600,
      600,
      500,
      500,
      400,
      500,
      600,
      500,
      600
    ]
  },
  "class_names": [
    "AnnualCrop",
    "Forest",
    "HerbaceousVegetation",
    "Highway",
    "Industrial",
    "Pasture",
    "PermanentCrop",
    "Residential",
    "River",
    "SeaLake"
  ]
}