{
  "model_name": "resnet101",
  "dataset_name": "eurosat",
  "best_acc": 0.9890740740740741,
  "best_epoch": 26,
  "total_epochs": 30,
  "training_time": 1928.099274635315
}