{
  "model_name": "resnet50",
  "dataset_name": "ucmerced",
  "best_acc": 0.9952380952380953,
  "best_epoch": 20,
  "total_epochs": 30,
  "training_time": 401.7651484012604
}