{
  "model_name": "swin_t",
  "dataset_name": "ucmerced",
  "best_acc": 0.9976190476190476,
  "best_epoch": 27,
  "total_epochs": 30,
  "training_time": 421.44423937797546
}