{
  "accuracy": 0.9905555555555555,
  "f1_macro": 0.9902213658271904,
  "f1_weighted": 0.9905553786568648,
  "kappa": 0.9894883088925701,
  "per_class": {
    "precision": [
      0.9915397631133672,
      1.0,
      0.9771241830065359,
      0.9880715705765407,
      0.9861111111111112,
      0.9948849104859335,
      0.9762376237623762,
      0.9983193277310924,
      0.994,
      0.9983333333333333
    ],
    "recall": [
      0.9766666666666667,
      0.9983333333333333,
      0.9966666666666667,
      0.994,
      0.994,
      0.9725,
      0.986,
      0.99,
      0.994,
      0.9983333333333333
    ],
    "f1": [
      0.984047019311503,
      0.9991659716430359,
      0.9867986798679867,
      0.9910269192422732,
      0.9900398406374502,
      0.9835651074589128,
      0.981094527363184,
      0.994142259414226,
      0.994,
      0.9983333333333333
    ],
    "support": [
      600,
      600,
      600,
      500,
      500,
      400,
      500,
      600,
      500,
      600
    ]
  },
  "class_names": [
    "AnnualCrop",
    "Forest",
    "HerbaceousVegetation",
    "Highway",
    "Industrial",
    "Pasture",
    "PermanentCrop",
    "Residential",
    "River",
    "SeaLake"
  ]
}