{
  "accuracy": 0.9911111111111112,
  "f1_macro": 0.9908032995990874,
  "f1_weighted": 0.9911162109012718,
  "kappa": 0.9901065303769977,
  "per_class": {
    "precision": [
      0.9849749582637729,
      1.0,
      0.9834983498349835,
      0.9841584158415841,
      0.9979838709677419,
      0.9924242424242424,
      0.9761431411530815,
      0.9950248756218906,
      0.9959595959595959,
      1.0
    ],
    "recall": [
      0.9833333333333333,
      0.9966666666666667,
      0.9933333333333333,
      0.994,
      0.99,
      0.9825,
      0.982,
      1.0,
      0.986,
      0.9983333333333333
    ],
    "f1": [
      0.9841534612176814,
      0.998330550918197,
      0.988391376451078,
      0.9890547263681592,
      0.9939759036144579,
      0.9874371859296482,
      0.9790628115653041,
      0.9975062344139651,
      0.9909547738693467,
      0.9991659716430359
    ],
    "support": [
      600,
      600,
      600,
      500,
      500,
      400,
      500,
      600,
      500,
      600
    ]
  },
  "class_names": [
    "AnnualCrop",
    "Forest",
    "HerbaceousVegetation",
    "Highway",
    "Industrial",
    "Pasture",
    "PermanentCrop",
    "Residential",
    "River",
    "SeaLake"
  ]
}