{
  "Random Forest": {
    "accuracy": 0.9988235294117647,
    "f1_macro": 0.9984320750242878,
    "f1_change": 0.9976486395700369,
    "kappa": 0.9968641511110241,
    "training_time": 1.986036777496338
  },
  "Extra Trees": {
    "accuracy": 0.9991596638655462,
    "f1_macro": 0.9988803041778843,
    "f1_change": 0.9983210208193418,
    "kappa": 0.9977606097043057,
    "training_time": 0.4719250202178955
  },
  "LightGBM": {
    "accuracy": 0.9992436974789916,
    "f1_macro": 0.9989917096028758,
    "f1_change": 0.9984876491345992,
    "kappa": 0.9979834193766172,
    "training_time": 0.3364853858947754
  }
}