{
  "variant": "resnet50",
  "parameters": 23583046,
  "depth": 50,
  "best_epoch": 18,
  "best_val_acc": 0.7864,
  "test_acc": 0.7864,
  "f1_macro": 0.5250338912433524,
  "f1_weighted": 0.7726642467840573,
  "training_time_minutes": 96.1180688937505,
  "timestamp": "2026-01-05 20:44:46"
}