{
  "accuracy": 0.99,
  "f1_macro": 0.9896106784688776,
  "f1_weighted": 0.9900052055932775,
  "kappa": 0.9888709511214921,
  "per_class": {
    "precision": [
      0.988135593220339,
      1.0,
      0.9916107382550335,
      0.9822485207100592,
      0.9940119760479041,
      0.9800995024875622,
      0.9666011787819253,
      0.998330550918197,
      0.9959677419354839,
      0.9966777408637874
    ],
    "recall": [
      0.9716666666666667,
      0.9966666666666667,
      0.985,
      0.996,
      0.996,
      0.985,
      0.984,
      0.9966666666666667,
      0.988,
      1.0
    ],
    "f1": [
      0.9798319327731092,
      0.998330550918197,
      0.9882943143812709,
      0.9890764647467726,
      0.995004995004995,
      0.9825436408977556,
      0.9752229930624381,
      0.9974979149291076,
      0.9919678714859438,
      0.9983361064891847
    ],
    "support": [
      600,
      600,
      600,
      500,
      500,
      400,
      500,
      600,
      500,
      600
    ]
  },
  "class_names": [
    "AnnualCrop",
    "Forest",
    "HerbaceousVegetation",
    "Highway",
    "Industrial",
    "Pasture",
    "PermanentCrop",
    "Residential",
    "River",
    "SeaLake"
  ]
}