{
  "accuracy": 0.9901851851851852,
  "f1_macro": 0.9898819612599488,
  "f1_weighted": 0.9901915809835945,
  "kappa": 0.9890765443407569,
  "per_class": {
    "precision": [
      0.9737704918032787,
      1.0,
      0.9882154882154882,
      0.9899799599198397,
      0.9940119760479041,
      0.9801488833746899,
      0.9779116465863453,
      1.0,
      0.9940119760479041,
      1.0
    ],
    "recall": [
      0.99,
      0.995,
      0.9783333333333334,
      0.988,
      0.996,
      0.9875,
      0.974,
      0.9966666666666667,
      0.996,
      0.9983333333333333
    ],
    "f1": [
      0.9818181818181818,
      0.9974937343358395,
      0.983249581239531,
      0.988988988988989,
      0.995004995004995,
      0.9838107098381071,
      0.9759519038076152,
      0.998330550918197,
      0.995004995004995,
      0.9991659716430359
    ],
    "support": [
      600,
      600,
      600,
      500,
      500,
      400,
      500,
      600,
      500,
      600
    ]
  },
  "class_names": [
    "AnnualCrop",
    "Forest",
    "HerbaceousVegetation",
    "Highway",
    "Industrial",
    "Pasture",
    "PermanentCrop",
    "Residential",
    "River",
    "SeaLake"
  ]
}