{
  "variant": "convnext_tiny",
  "parameters": 27855462,
  "depth": 28,
  "best_epoch": 20,
  "best_val_acc": 0.79135,
  "test_acc": 0.79135,
  "f1_macro": 0.5468658595713846,
  "f1_weighted": 0.7785298389897611,
  "training_time_minutes": 45.14355595509211,
  "timestamp": "2026-01-05 02:33:54"
}