{
  "accuracy": 0.9896296296296296,
  "f1_macro": 0.9893331952174449,
  "f1_weighted": 0.9896173866341067,
  "kappa": 0.9884574425448591,
  "per_class": {
    "precision": [
      0.9816971713810316,
      0.9950248756218906,
      0.975328947368421,
      0.9880715705765407,
      0.9940119760479041,
      0.9874371859296482,
      0.9816326530612245,
      0.9966666666666667,
      0.9959758551307847,
      1.0
    ],
    "recall": [
      0.9833333333333333,
      1.0,
      0.9883333333333333,
      0.994,
      0.996,
      0.9825,
      0.962,
      0.9966666666666667,
      0.99,
      0.9983333333333333
    ],
    "f1": [
      0.9825145711906744,
      0.9975062344139651,
      0.9817880794701986,
      0.9910269192422732,
      0.995004995004995,
      0.9849624060150376,
      0.9717171717171718,
      0.9966666666666667,
      0.9929789368104313,
      0.9991659716430359
    ],
    "support": [
      600,
      600,
      600,
      500,
      500,
      400,
      500,
      600,
      500,
      600
    ]
  },
  "class_names": [
    "AnnualCrop",
    "Forest",
    "HerbaceousVegetation",
    "Highway",
    "Industrial",
    "Pasture",
    "PermanentCrop",
    "Residential",
    "River",
    "SeaLake"
  ]
}