{
  "accuracy": 0.9846296296296296,
  "f1_macro": 0.9840817349260412,
  "f1_weighted": 0.9846375167610724,
  "kappa": 0.9828918238033437,
  "per_class": {
    "precision": [
      0.9652317880794702,
      0.9983277591973244,
      0.9688524590163935,
      0.9879518072289156,
      0.9939759036144579,
      0.9796954314720813,
      0.9599198396793587,
      0.9950248756218906,
      0.9959758551307847,
      1.0
    ],
    "recall": [
      0.9716666666666667,
      0.995,
      0.985,
      0.984,
      0.99,
      0.965,
      0.958,
      1.0,
      0.99,
      0.9983333333333333
    ],
    "f1": [
      0.96843853820598,
      0.996661101836394,
      0.9768595041322314,
      0.9859719438877755,
      0.9919839679358717,
      0.9722921914357683,
      0.958958958958959,
      0.9975062344139651,
      0.9929789368104313,
      0.9991659716430359
    ],
    "support": [
      600,
      600,
      600,
      500,
      500,
      400,
      500,
      600,
      500,
      600
    ]
  },
  "class_names": [
    "AnnualCrop",
    "Forest",
    "HerbaceousVegetation",
    "Highway",
    "Industrial",
    "Pasture",
    "PermanentCrop",
    "Residential",
    "River",
    "SeaLake"
  ]
}