{
  "model_name": "densenet121",
  "dataset_name": "eurosat",
  "best_acc": 0.9846296296296296,
  "best_epoch": 6,
  "total_epochs": 10,
  "training_time": 507.17335629463196
}