{
  "model_name": "densenet121",
  "dataset_name": "eurosat",
  "best_acc": 0.9896296296296296,
  "best_epoch": 30,
  "total_epochs": 30,
  "training_time": 1685.5133583545685
}