{
  "accuracy": 0.9898148148148148,
  "f1_macro": 0.9893665329922848,
  "f1_weighted": 0.9898221163934531,
  "kappa": 0.9886643817317161,
  "per_class": {
    "precision": [
      0.9915397631133672,
      1.0,
      0.9785478547854786,
      0.993963782696177,
      0.994,
      0.9799498746867168,
      0.9703557312252964,
      0.9966666666666667,
      0.9881188118811881,
      1.0
    ],
    "recall": [
      0.9766666666666667,
      0.9966666666666667,
      0.9883333333333333,
      0.988,
      0.994,
      0.9775,
      0.982,
      0.9966666666666667,
      0.998,
      0.9966666666666667
    ],
    "f1": [
      0.984047019311503,
      0.998330550918197,
      0.9834162520729685,
      0.9909729187562688,
      0.994,
      0.9787234042553191,
      0.9761431411530815,
      0.9966666666666667,
      0.9930348258706467,
      0.998330550918197
    ],
    "support": [
      600,
      600,
      600,
      500,
      500,
      400,
      500,
      600,
      500,
      600
    ]
  },
  "class_names": [
    "AnnualCrop",
    "Forest",
    "HerbaceousVegetation",
    "Highway",
    "Industrial",
    "Pasture",
    "PermanentCrop",
    "Residential",
    "River",
    "SeaLake"
  ]
}