{
  "accuracy": 0.9898148148148148,
  "f1_macro": 0.9895197400624811,
  "f1_weighted": 0.9898137747893395,
  "kappa": 0.9886636029131105,
  "per_class": {
    "precision": [
      0.9916247906197655,
      0.996661101836394,
      0.967373572593801,
      0.9861660079051383,
      0.9959677419354839,
      0.9825436408977556,
      0.9877049180327869,
      0.9917218543046358,
      0.9979838709677419,
      1.0
    ],
    "recall": [
      0.9866666666666667,
      0.995,
      0.9883333333333333,
      0.998,
      0.988,
      0.985,
      0.964,
      0.9983333333333333,
      0.99,
      1.0
    ],
    "f1": [
      0.9891395154553049,
      0.9958298582151793,
      0.9777411376751854,
      0.9920477137176938,
      0.9919678714859438,
      0.9837702871410736,
      0.9757085020242915,
      0.9950166112956811,
      0.9939759036144579,
      1.0
    ],
    "support": [
      600,
      600,
      600,
      500,
      500,
      400,
      500,
      600,
      500,
      600
    ]
  },
  "class_names": [
    "AnnualCrop",
    "Forest",
    "HerbaceousVegetation",
    "Highway",
    "Industrial",
    "Pasture",
    "PermanentCrop",
    "Residential",
    "River",
    "SeaLake"
  ]
}