{
  "variant": "efficientnet_b3",
  "parameters": 10712654,
  "depth": 26,
  "best_epoch": 19,
  "best_val_acc": 0.7829,
  "test_acc": 0.7829,
  "f1_macro": 0.5509869897107217,
  "f1_weighted": 0.7684573602162595,
  "training_time_minutes": 218.27764076391855,
  "timestamp": "2026-01-06 00:23:03"
}