{
  "variant": "efficientnet_b3",
  "parameters": 10712654,
  "depth": 26,
  "best_epoch": 29,
  "best_val_acc": 0.7833,
  "test_acc": 0.7833,
  "f1_macro": 0.5342083397521405,
  "f1_weighted": 0.7668751418001373,
  "training_time_minutes": 86.56771665414175,
  "timestamp": "2026-01-05 01:48:45"
}