{
  "accuracy": 0.9890740740740741,
  "f1_macro": 0.9889196143013048,
  "f1_weighted": 0.989077259203292,
  "kappa": 0.9878397410696905,
  "per_class": {
    "precision": [
      0.9865546218487395,
      0.998324958123953,
      0.9769736842105263,
      0.9860557768924303,
      0.9880478087649402,
      0.99,
      0.9739478957915831,
      0.9950083194675541,
      0.9959839357429718,
      0.9983277591973244
    ],
    "recall": [
      0.9783333333333334,
      0.9933333333333333,
      0.99,
      0.99,
      0.992,
      0.99,
      0.972,
      0.9966666666666667,
      0.992,
      0.995
    ],
    "f1": [
      0.9824267782426779,
      0.9958228905597326,
      0.9834437086092715,
      0.9880239520958084,
      0.9900199600798403,
      0.99,
      0.972972972972973,
      0.9958368026644463,
      0.9939879759519038,
      0.996661101836394
    ],
    "support": [
      600,
      600,
      600,
      500,
      500,
      400,
      500,
      600,
      500,
      600
    ]
  },
  "class_names": [
    "AnnualCrop",
    "Forest",
    "HerbaceousVegetation",
    "Highway",
    "Industrial",
    "Pasture",
    "PermanentCrop",
    "Residential",
    "River",
    "SeaLake"
  ]
}