{
  "accuracy": 0.9872222222222222,
  "f1_macro": 0.9869984774436796,
  "f1_weighted": 0.9872227458213874,
  "kappa": 0.9857794943820225,
  "per_class": {
    "precision": [
      0.9880952380952381,
      0.9966442953020134,
      0.9800332778702163,
      0.9822485207100592,
      0.9959839357429718,
      0.9777777777777777,
      0.9643564356435643,
      0.9933665008291874,
      0.9939516129032258,
      0.9950083194675541
    ],
    "recall": [
      0.9683333333333334,
      0.99,
      0.9816666666666667,
      0.996,
      0.992,
      0.99,
      0.974,
      0.9983333333333333,
      0.986,
      0.9966666666666667
    ],
    "f1": [
      0.9781144781144782,
      0.9933110367892977,
      0.980849292256453,
      0.9890764647467726,
      0.9939879759519038,
      0.9838509316770186,
      0.9691542288557214,
      0.9958437240232751,
      0.9899598393574297,
      0.9958368026644463
    ],
    "support": [
      600,
      600,
      600,
      500,
      500,
      400,
      500,
      600,
      500,
      600
    ]
  },
  "class_names": [
    "AnnualCrop",
    "Forest",
    "HerbaceousVegetation",
    "Highway",
    "Industrial",
    "Pasture",
    "PermanentCrop",
    "Residential",
    "River",
    "SeaLake"
  ]
}