{
  "accuracy": 0.987037037037037,
  "f1_macro": 0.9865022853476677,
  "f1_weighted": 0.987038332097363,
  "kappa": 0.9855716379626237,
  "per_class": {
    "precision": [
      0.9660194174757282,
      1.0,
      0.9737274220032841,
      0.9879275653923542,
      0.9880478087649402,
      0.9750623441396509,
      0.989648033126294,
      0.998324958123953,
      0.99,
      1.0
    ],
    "recall": [
      0.995,
      0.99,
      0.9883333333333333,
      0.982,
      0.992,
      0.9775,
      0.956,
      0.9933333333333333,
      0.99,
      0.9983333333333333
    ],
    "f1": [
      0.9802955665024631,
      0.9949748743718593,
      0.9809760132340778,
      0.9849548645937813,
      0.9900199600798403,
      0.9762796504369539,
      0.9725330620549338,
      0.9958228905597326,
      0.99,
      0.9991659716430359
    ],
    "support": [
      600,
      600,
      600,
      500,
      500,
      400,
      500,
      600,
      500,
      600
    ]
  },
  "class_names": [
    "AnnualCrop",
    "Forest",
    "HerbaceousVegetation",
    "Highway",
    "Industrial",
    "Pasture",
    "PermanentCrop",
    "Residential",
    "River",
    "SeaLake"
  ]
}