{
  "accuracy": 0.9877777777777778,
  "f1_macro": 0.987488566860996,
  "f1_weighted": 0.9877827044694252,
  "kappa": 0.9863960119397516,
  "per_class": {
    "precision": [
      0.9753694581280788,
      0.9983277591973244,
      0.9704433497536946,
      0.9899799599198397,
      0.9880478087649402,
      0.9923664122137404,
      0.9757085020242915,
      0.9966555183946488,
      0.9920159680638723,
      1.0
    ],
    "recall": [
      0.99,
      0.995,
      0.985,
      0.988,
      0.992,
      0.975,
      0.964,
      0.9933333333333333,
      0.994,
      0.995
    ],
    "f1": [
      0.9826302729528535,
      0.996661101836394,
      0.9776674937965261,
      0.988988988988989,
      0.9900199600798403,
      0.9836065573770492,
      0.9698189134808853,
      0.994991652754591,
      0.993006993006993,
      0.9974937343358395
    ],
    "support": [
      600,
      600,
      600,
      500,
      500,
      400,
      500,
      600,
      500,
      600
    ]
  },
  "class_names": [
    "AnnualCrop",
    "Forest",
    "HerbaceousVegetation",
    "Highway",
    "Industrial",
    "Pasture",
    "PermanentCrop",
    "Residential",
    "River",
    "SeaLake"
  ]
}