{
  "accuracy": 0.9853703703703703,
  "f1_macro": 0.9852531981524704,
  "f1_weighted": 0.9853881794255791,
  "kappa": 0.9837176815444157,
  "per_class": {
    "precision": [
      0.9862778730703259,
      0.9983277591973244,
      0.9609120521172638,
      0.9900199600798403,
      0.9959758551307847,
      0.9874371859296482,
      0.952755905511811,
      0.9933444259567388,
      0.99,
      0.9983333333333333
    ],
    "recall": [
      0.9583333333333334,
      0.995,
      0.9833333333333333,
      0.992,
      0.99,
      0.9825,
      0.968,
      0.995,
      0.99,
      0.9983333333333333
    ],
    "f1": [
      0.9721048182586645,
      0.996661101836394,
      0.9719934102141681,
      0.991008991008991,
      0.9929789368104313,
      0.9849624060150376,
      0.9603174603174603,
      0.9941715237302248,
      0.99,
      0.9983333333333333
    ],
    "support": [
      600,
      600,
      600,
      500,
      500,
      400,
      500,
      600,
      500,
      600
    ]
  },
  "class_names": [
    "AnnualCrop",
    "Forest",
    "HerbaceousVegetation",
    "Highway",
    "Industrial",
    "Pasture",
    "PermanentCrop",
    "Residential",
    "River",
    "SeaLake"
  ]
}