{
  "accuracy": 0.9875925925925926,
  "f1_macro": 0.9870486448163949,
  "f1_weighted": 0.9875855830309455,
  "kappa": 0.9861907342804144,
  "per_class": {
    "precision": [
      0.979933110367893,
      0.9916943521594684,
      0.9882943143812709,
      0.9880715705765407,
      0.9900596421471173,
      0.979746835443038,
      0.9702380952380952,
      0.9966499162479062,
      0.9899598393574297,
      0.9966777408637874
    ],
    "recall": [
      0.9766666666666667,
      0.995,
      0.985,
      0.994,
      0.996,
      0.9675,
      0.978,
      0.9916666666666667,
      0.986,
      1.0
    ],
    "f1": [
      0.9782971619365609,
      0.9933444259567388,
      0.986644407345576,
      0.9910269192422732,
      0.9930209371884346,
      0.9735849056603774,
      0.9741035856573705,
      0.9941520467836257,
      0.9879759519038076,
      0.9983361064891847
    ],
    "support": [
      600,
      600,
      600,
      500,
      500,
      400,
      500,
      600,
      500,
      600
    ]
  },
  "class_names": [
    "AnnualCrop",
    "Forest",
    "HerbaceousVegetation",
    "Highway",
    "Industrial",
    "Pasture",
    "PermanentCrop",
    "Residential",
    "River",
    "SeaLake"
  ]
}