{
  "accuracy": 0.9904761904761905,
  "f1_macro": 0.9904612778260312,
  "f1_weighted": 0.9904612778260311,
  "kappa": 0.99,
  "per_class": {
    "precision": [
      1.0,
      1.0,
      1.0,
      1.0,
      1.0,
      1.0,
      1.0,
      0.9523809523809523,
      1.0,
      1.0,
      1.0,
      1.0,
      0.9090909090909091,
      1.0,
      1.0,
      1.0,
      1.0,
      0.9523809523809523,
      1.0,
      1.0,
      1.0
    ],
    "recall": [
      1.0,
      0.95,
      1.0,
      1.0,
      1.0,
      1.0,
      0.95,
      1.0,
      1.0,
      1.0,
      1.0,
      1.0,
      1.0,
      1.0,
      1.0,
      1.0,
      1.0,
      1.0,
      0.9,
      1.0,
      1.0
    ],
    "f1": [
      1.0,
      0.9743589743589743,
      1.0,
      1.0,
      1.0,
      1.0,
      0.9743589743589743,
      0.975609756097561,
      1.0,
      1.0,
      1.0,
      1.0,
      0.9523809523809523,
      1.0,
      1.0,
      1.0,
      1.0,
      0.975609756097561,
      0.9473684210526315,
      1.0,
      1.0
    ],
    "support": [
      20,
      20,
      20,
      20,
      20,
      20,
      20,
      20,
      20,
      20,
      20,
      20,
      20,
      20,
      20,
      20,
      20,
      20,
      20,
      20,
      20
    ]
  },
  "class_names": [
    "agricultural",
    "airplane",
    "baseballdiamond",
    "beach",
    "buildings",
    "chaparral",
    "denseresidential",
    "forest",
    "freeway",
    "golfcourse",
    "harbor",
    "intersection",
    "mediumresidential",
    "mobilehomepark",
    "overpass",
    "parkinglot",
    "river",
    "runway",
    "sparseresidential",
    "storagetanks",
    "tenniscourt"
  ]
}